season,date,level,competition,city,country,continent,altitude_in_m,distance_moscow_km,segment,number,jump,edge,rotation,fall,bonus,combination,jump_number,jump_bv,goe_raw,goe_scaled,point_value
2014-2015,2015-03-20,Novice,NC,Novgorod,Russia,Europe,25,402,E,,3Lz,,,,,,1,,,,
2014-2015,2015-03-20,Novice,NC,Novgorod,Russia,Europe,25,402,E,,3Lz,,,,,,1,6.00,3.00,1.26,7.26
2014-2015,2015-03-20,Novice,NC,Novgorod,Russia,Europe,25,402,E,,3Lz+2T,,,,,1,2,7.30,1.67,0.70,8.00
2014-2015,2015-03-20,Novice,NC,Novgorod,Russia,Europe,25,402,E,,3Lz+3T,,d,1,,1,2,,,,
2014-2015,2015-03-21,Novice,NC,Novgorod,Russia,Europe,25,402,SP,1,3Lo+2T,,,,,1,2,6.40,2.33,0.98,7.38
2014-2015,2015-03-21,Novice,NC,Novgorod,Russia,Europe,25,402,SP,2,3Lz,,,,,,1,6.00,-2.00,-0.84,5.16
2014-2015,2015-03-21,Novice,NC,Novgorod,Russia,Europe,25,402,SP,3,2A,,,,1,,1,3.63,2.00,0.60,4.23
2014-2015,2015-03-22,Novice,NC,Novgorod,Russia,Europe,25,402,FP,1,3S,,,,,,1,4.20,1.67,0.70,4.90
2014-2015,2015-03-22,Novice,NC,Novgorod,Russia,Europe,25,402,FP,2,3Lo,,u,1,,,1,3.60,-5.00,-2.10,1.50
2014-2015,2015-03-22,Novice,NC,Novgorod,Russia,Europe,25,402,FP,3,3Lz,,,,,,1,6.00,2.00,0.84,6.84
2014-2015,2015-03-22,Novice,NC,Novgorod,Russia,Europe,25,402,FP,4,3S+2T,,,,1,,2,6.05,1.67,0.70,6.75
2014-2015,2015-03-22,Novice,NC,Novgorod,Russia,Europe,25,402,FP,5,3Lz,,,1,1,,1,4.62,-5.00,-2.10,2.52
2014-2015,2015-03-22,Novice,NC,Novgorod,Russia,Europe,25,402,FP,6,2A,,,,1,,1,3.63,-0.67,-0.20,3.43
2015-2016,2015-11-20,Novice,INT,Tallinn,Estonia,Europe,9,866,SP,1,3Lz+2T,,,,,1,2,7.30,-1.67,-0.70,6.60
2015-2016,2015-11-20,Novice,INT,Tallinn,Estonia,Europe,9,866,SP,2,1F,,,,,,1,0.00,0.00,0.00,0.00
2015-2016,2015-11-20,Novice,INT,Tallinn,Estonia,Europe,9,866,SP,3,2A,,,1,,,1,3.30,-5.00,-1.50,1.80
2015-2016,2015-11-21,Novice,INT,Tallinn,Estonia,Europe,9,866,FP,1,,,,,,,,,,,
2015-2016,2015-11-21,Novice,INT,Tallinn,Estonia,Europe,9,866,FP,2,,,,,,,,,,,
2015-2016,2015-11-21,Novice,INT,Tallinn,Estonia,Europe,9,866,FP,3,,,,,,,,,,,
2015-2016,2015-11-21,Novice,INT,Tallinn,Estonia,Europe,9,866,FP,4,,,,,,,,,,,
2015-2016,2015-11-21,Novice,INT,Tallinn,Estonia,Europe,9,866,FP,5,,,,,,,,,,,
2015-2016,2015-11-21,Novice,INT,Tallinn,Estonia,Europe,9,866,FP,6,,,,,,,,,,,
2015-2016,2015-11-21,Novice,INT,Tallinn,Estonia,Europe,9,866,FP,7,,,,,,,,,,,
2015-2016,2016-03-04,Novice,NC,Stary Oskol,Russia,Europe,150,501,E,,3Lz,,,,,,1,6.00,3.67,1.54,7.54
2015-2016,2016-03-04,Novice,NC,Stary Oskol,Russia,Europe,150,501,E,,3Lz+3T,,u,,,1,2,,,,
2015-2016,2016-03-04,Novice,NC,Stary Oskol,Russia,Europe,150,501,E,,3Lz+3T,,,,,1,2,10.30,-0.20,-0.14,10.16
2015-2016,2016-03-05,Novice,NC,Stary Oskol,Russia,Europe,150,501,SP,1,3Lo+3T,,,,,1,2,9.40,2.30,0.70,10.10
2015-2016,2016-03-05,Novice,NC,Stary Oskol,Russia,Europe,150,501,SP,2,3Lz,,,,1,,1,6.60,3.00,1.26,7.86
2015-2016,2016-03-05,Novice,NC,Stary Oskol,Russia,Europe,150,501,SP,3,2A,,,,1,,1,3.63,2.67,0.80,4.43
2015-2016,2016-03-06,Novice,NC,Stary Oskol,Russia,Europe,150,501,FP,1,3Lz,,,1,,,1,6.00,-5.00,-2.10,3.90
2015-2016,2016-03-06,Novice,NC,Stary Oskol,Russia,Europe,150,501,FP,2,3Lo+3T,,,,,1,2,9.40,1.33,0.56,9.96
2015-2016,2016-03-06,Novice,NC,Stary Oskol,Russia,Europe,150,501,FP,3,3Lo+1Eu+3S,,u,,,1,3,9.90,0.00,0.00,9.90
2015-2016,2016-03-06,Novice,NC,Stary Oskol,Russia,Europe,150,501,FP,4,2A,,,,1,,1,3.63,1.67,0.50,4.13
2015-2016,2016-03-06,Novice,NC,Stary Oskol,Russia,Europe,150,501,FP,5,3Lz+2T,,,,1,1,2,8.03,1.33,0.56,8.59
2015-2016,2016-03-06,Novice,NC,Stary Oskol,Russia,Europe,150,501,FP,6,3F,e,u,,1,,1,3.52,-2.67,-1.12,2.40
2015-2016,2016-03-06,Novice,NC,Stary Oskol,Russia,Europe,150,501,FP,7,2A,,,,1,,1,3.63,2.67,0.80,4.43
2016-2017,2017-02-03,Junior,NC,Saint Petersburg,Russia,Europe,8,632,SP,1,3Lz+3T,,,,,1,2,10.30,3.10,1.30,11.60
2016-2017,2017-02-03,Junior,NC,Saint Petersburg,Russia,Europe,8,632,SP,2,3Lo,,,,1,,1,5.61,2.62,1.10,6.71
2016-2017,2017-02-03,Junior,NC,Saint Petersburg,Russia,Europe,8,632,SP,3,2A,,,,1,,1,3.63,2.38,0.71,4.34
2016-2017,2017-02-04,Junior,NC,Saint Petersburg,Russia,Europe,8,632,FP,1,3Lz+3Lo,,,,,1,2,11.10,3.33,1.40,12.50
2016-2017,2017-02-04,Junior,NC,Saint Petersburg,Russia,Europe,8,632,FP,2,3Lz+3T+2T,,,,1,1,3,12.76,2.62,1.10,13.86
2016-2017,2017-02-04,Junior,NC,Saint Petersburg,Russia,Europe,8,632,FP,3,3F,,,,1,,1,5.83,2.62,1.10,6.93
2016-2017,2017-02-04,Junior,NC,Saint Petersburg,Russia,Europe,8,632,FP,4,2A+2T,,,,1,1,2,5.06,1.43,0.43,5.49
2016-2017,2017-02-04,Junior,NC,Saint Petersburg,Russia,Europe,8,632,FP,5,3Lo,,,,1,,1,5.61,2.14,0.90,6.51
2016-2017,2017-02-04,Junior,NC,Saint Petersburg,Russia,Europe,8,632,FP,6,3S,,,,1,,1,4.84,1.90,0.80,5.64
2016-2017,2017-02-04,Junior,NC,Saint Petersburg,Russia,Europe,8,632,FP,7,2A,,,,1,,1,3.63,1.67,0.50,4.13
2017-2018,2017-08-24,Junior,JGP,Brisbane,Australia,Oceania,7,14073,SP,1,3F+3Lo,,,,1,1,2,11.44,1.90,0.80,12.24
2017-2018,2017-08-24,Junior,JGP,Brisbane,Australia,Oceania,7,14073,SP,2,3Lz,,,,1,,1,6.60,2.86,1.20,7.80
2017-2018,2017-08-24,Junior,JGP,Brisbane,Australia,Oceania,7,14073,SP,3,2A,,,,1,,1,3.63,2.62,0.79,4.42
2017-2018,2017-08-26,Junior,JGP,Brisbane,Australia,Oceania,7,14073,FP,1,4S,,u,,,,1,8.10,-1.90,-1.37,6.73
2017-2018,2017-08-26,Junior,JGP,Brisbane,Australia,Oceania,7,14073,FP,2,3Lz+3Lo,,,,1,1,2,12.21,1.90,0.80,13.01
2017-2018,2017-08-26,Junior,JGP,Brisbane,Australia,Oceania,7,14073,FP,3,3F+2T+2T,,,,1,1,3,8.69,2.14,0.90,9.59
2017-2018,2017-08-26,Junior,JGP,Brisbane,Australia,Oceania,7,14073,FP,4,3Lz+3T,,,,1,1,2,11.33,3.10,1.30,12.63
2017-2018,2017-08-26,Junior,JGP,Brisbane,Australia,Oceania,7,14073,FP,5,3F,,,,1,,1,5.83,2.38,1.00,6.83
2017-2018,2017-08-26,Junior,JGP,Brisbane,Australia,Oceania,7,14073,FP,6,3S,,,,1,,1,4.84,1.67,0.70,5.54
2017-2018,2017-08-26,Junior,JGP,Brisbane,Australia,Oceania,7,14073,FP,7,2A,,,,1,,1,3.63,2.86,0.86,4.49
2017-2018,2017-09-21,Junior,JGP,Minsk,Belarus,Europe,280,676,SP,1,3F+3Lo,,,,1,1,2,11.44,3.10,1.30,12.74
2017-2018,2017-09-21,Junior,JGP,Minsk,Belarus,Europe,280,676,SP,2,3Lz,,,,1,,1,6.60,3.33,1.40,8.00
2017-2018,2017-09-21,Junior,JGP,Minsk,Belarus,Europe,280,676,SP,3,2A,,,,1,,1,3.63,2.86,0.86,4.49
2017-2018,2017-09-22,Junior,JGP,Minsk,Belarus,Europe,280,676,FP,1,4S,,d,1,,,1,4.40,-5.00,-2.10,2.30
2017-2018,2017-09-22,Junior,JGP,Minsk,Belarus,Europe,280,676,FP,2,3Lz+3Lo,,,,1,1,2,12.21,1.90,0.80,13.01
2017-2018,2017-09-22,Junior,JGP,Minsk,Belarus,Europe,280,676,FP,3,3F+2T+2T,,,,1,1,3,8.69,1.19,0.50,9.19
2017-2018,2017-09-22,Junior,JGP,Minsk,Belarus,Europe,280,676,FP,4,3Lz+3T,,,,1,1,2,11.33,2.86,1.20,12.53
2017-2018,2017-09-22,Junior,JGP,Minsk,Belarus,Europe,280,676,FP,5,3F,,,,1,,1,5.83,2.86,1.20,7.03
2017-2018,2017-09-22,Junior,JGP,Minsk,Belarus,Europe,280,676,FP,6,3S,,,,1,,1,4.84,2.14,0.90,5.74
2017-2018,2017-09-22,Junior,JGP,Minsk,Belarus,Europe,280,676,FP,7,2A,,,,1,,1,3.63,2.86,0.86,4.49
2017-2018,2017-12-07,Junior,JGPF,Nagoya,Japan,Asia,8,7371,SP,1,3F+3Lo,,,,1,1,2,11.44,3.57,1.50,12.94
2017-2018,2017-12-07,Junior,JGPF,Nagoya,Japan,Asia,8,7371,SP,2,3Lz,,,,1,,1,6.60,3.81,1.60,8.20
2017-2018,2017-12-07,Junior,JGPF,Nagoya,Japan,Asia,8,7371,SP,3,2A,,,,1,,1,3.63,3.33,1.00,4.63
2017-2018,2017-12-09,Junior,JGPF,Nagoya,Japan,Asia,8,7371,FP,1,4S,,u,1,,,1,8.10,-5.00,-4.00,4.10
2017-2018,2017-12-09,Junior,JGPF,Nagoya,Japan,Asia,8,7371,FP,2,3Lz+3Lo,,,,1,1,2,12.21,-0.95,-0.40,11.81
2017-2018,2017-12-09,Junior,JGPF,Nagoya,Japan,Asia,8,7371,FP,3,3F+2T+2T,,,,1,1,3,8.69,1.67,0.70,9.39
2017-2018,2017-12-09,Junior,JGPF,Nagoya,Japan,Asia,8,7371,FP,4,3Lz+3T,,,,1,1,2,11.33,3.10,1.30,12.63
2017-2018,2017-12-09,Junior,JGPF,Nagoya,Japan,Asia,8,7371,FP,5,3F,,,,1,,1,5.83,3.33,1.40,7.23
2017-2018,2017-12-09,Junior,JGPF,Nagoya,Japan,Asia,8,7371,FP,6,3S,,,,1,,1,4.84,3.10,1.30,6.14
2017-2018,2017-12-09,Junior,JGPF,Nagoya,Japan,Asia,8,7371,FP,7,2A,,,,1,,1,3.63,3.10,0.93,4.56
2017-2018,2018-02-02,Junior,NC,Saransk,Russia,Europe,160,512,SP,1,3F+3Lo,,,,1,1,2,11.44,4.05,1.70,13.14
2017-2018,2018-01-24,Junior,NC,Saransk,Russia,Europe,160,512,SP,2,3Lz,,,,1,,1,6.60,2.62,1.10,7.70
2017-2018,2018-01-24,Junior,NC,Saransk,Russia,Europe,160,512,SP,3,2A,,,,1,,1,3.63,3.33,1.00,4.63
2017-2018,2018-01-24,Junior,NC,Saransk,Russia,Europe,160,512,FP,1,4S,,u,1,,,1,8.10,-5.00,-4.00,4.10
2017-2018,2018-01-25,Junior,NC,Saransk,Russia,Europe,160,512,FP,2,3Lz,,,,1,,1,6.60,3.33,1.40,8.00
2017-2018,2018-01-25,Junior,NC,Saransk,Russia,Europe,160,512,FP,3,3F+3T+2T,,,,1,1,3,11.99,1.67,0.70,12.69
2017-2018,2018-01-25,Junior,NC,Saransk,Russia,Europe,160,512,FP,4,3Lz+3Lo,,,,1,1,2,12.21,2.38,1.00,13.21
2017-2018,2018-01-25,Junior,NC,Saransk,Russia,Europe,160,512,FP,5,3F+2T,,,,1,1,2,7.26,2.62,1.10,8.36
2017-2018,2018-01-25,Junior,NC,Saransk,Russia,Europe,160,512,FP,6,3S,,,,1,,1,4.84,1.90,0.80,5.64
2017-2018,2018-01-25,Junior,NC,Saransk,Russia,Europe,160,512,FP,7,2A,,,,1,,1,3.63,3.10,0.93,4.56
2017-2018,2018-03-09,Junior,JWC,Sofia,Bulgaria,Europe,550,1775,SP,1,3F+3Lo,,,,1,1,2,11.44,2.62,1.70,13.14
2017-2018,2018-03-09,Junior,JWC,Sofia,Bulgaria,Europe,550,1775,SP,2,3Lz,,,,1,,1,6.60,4.52,1.90,8.50
2017-2018,2018-03-09,Junior,JWC,Sofia,Bulgaria,Europe,550,1775,SP,3,2A,,,,1,,1,3.63,3.57,1.07,4.70
2017-2018,2018-03-10,Junior,JWC,Sofia,Bulgaria,Europe,550,1775,FP,1,4S,,,,,,1,10.50,3.33,2.00,12.50
2017-2018,2018-03-10,Junior,JWC,Sofia,Bulgaria,Europe,550,1775,FP,2,4T,,,,,,1,10.30,0.95,0.57,10.87
2017-2018,2018-03-10,Junior,JWC,Sofia,Bulgaria,Europe,550,1775,FP,3,3Lz,,,,1,,1,6.60,4.05,1.70,8.30
2017-2018,2018-03-10,Junior,JWC,Sofia,Bulgaria,Europe,550,1775,FP,4,3F+1Eu+3S,,,,1,1,3,11.22,2.38,1.00,12.22
2017-2018,2018-03-10,Junior,JWC,Sofia,Bulgaria,Europe,550,1775,FP,5,3Lz+3Lo,,,,1,1,2,12.21,3.57,1.50,13.71
2017-2018,2018-03-10,Junior,JWC,Sofia,Bulgaria,Europe,550,1775,FP,6,3F+3T,,,,1,1,2,10.56,3.10,1.30,11.86
2017-2018,2018-03-10,Junior,JWC,Sofia,Bulgaria,Europe,550,1775,FP,7,2A,,,,1,,1,3.63,3.10,0.93,4.56
2018-2019,2018-09-06,Junior,JGP,Kaunas,Lithuania,Europe,34,870,SP,1,2A,,,,,,1,3.30,4.00,1.32,4.62
2018-2019,2018-09-06,Junior,JGP,Kaunas,Lithuania,Europe,34,870,SP,2,3F,,,,,,1,5.30,4.14,2.20,7.50
2018-2019,2018-09-06,Junior,JGP,Kaunas,Lithuania,Europe,34,870,SP,3,3Lz+3Lo,,,,1,1,2,11.88,4.43,2.61,14.49
2018-2019,2018-09-07,Junior,JGP,Kaunas,Lithuania,Europe,34,870,FP,1,4Lz,,u,,,,1,8.63,-0.57,-0.61,8.02
2018-2019,2018-09-07,Junior,JGP,Kaunas,Lithuania,Europe,34,870,FP,2,4T,,,1,,,1,9.50,-5.00,-4.75,4.75
2018-2019,2018-09-07,Junior,JGP,Kaunas,Lithuania,Europe,34,870,FP,3,4T+3T,,,,,1,2,13.70,2.57,2.44,16.14
2018-2019,2018-09-07,Junior,JGP,Kaunas,Lithuania,Europe,34,870,FP,4,2A,,,,,,1,3.30,3.00,0.99,4.29
2018-2019,2018-09-07,Junior,JGP,Kaunas,Lithuania,Europe,34,870,FP,5,3Lz+3Lo,,,,1,1,2,11.88,3.43,2.02,13.90
2018-2019,2018-09-07,Junior,JGP,Kaunas,Lithuania,Europe,34,870,FP,6,3Lz+1Eu+3S,,,,1,1,3,11.77,3.43,2.02,13.79
2018-2019,2018-09-07,Junior,JGP,Kaunas,Lithuania,Europe,34,870,FP,7,3F,,,,1,,1,5.83,3.29,1.74,7.57
2018-2019,2018-10-11,Junior,JGP,Yerevan,Armenia,Europe,913,1803,SP,1,2A,,,,,,1,3.30,4.00,1.32,4.62
2018-2019,2018-10-11,Junior,JGP,Yerevan,Armenia,Europe,913,1803,SP,2,3F,,,,,,1,5.30,4.00,2.12,7.42
2018-2019,2018-10-11,Junior,JGP,Yerevan,Armenia,Europe,913,1803,SP,3,3Lz+3Lo,,,,1,1,2,11.88,4.43,2.61,14.49
2018-2019,2018-10-12,Junior,JGP,Yerevan,Armenia,Europe,913,1803,FP,1,4Lz,,,,,,1,11.50,0.00,0.00,11.50
2018-2019,2018-10-12,Junior,JGP,Yerevan,Armenia,Europe,913,1803,FP,2,2A,,,,,,1,3.30,3.57,1.18,4.48
2018-2019,2018-10-12,Junior,JGP,Yerevan,Armenia,Europe,913,1803,FP,3,3F+3T,,,,,1,2,9.50,3.57,1.89,11.39
2018-2019,2018-10-12,Junior,JGP,Yerevan,Armenia,Europe,913,1803,FP,4,2A,,,,,,1,3.30,3.00,0.99,4.29
2018-2019,2018-10-12,Junior,JGP,Yerevan,Armenia,Europe,913,1803,FP,5,3Lz+3Lo,,,,1,1,2,11.88,3.71,2.19,14.07
2018-2019,2018-10-12,Junior,JGP,Yerevan,Armenia,Europe,913,1803,FP,6,3Lz+1Eu+3S,,,,1,1,3,11.77,3.29,1.94,13.71
2018-2019,2018-10-12,Junior,JGP,Yerevan,Armenia,Europe,913,1803,FP,7,3F,,,,1,,1,5.83,2.71,1.44,7.27
2018-2019,2018-12-06,Junior,JGPF,Vancouver,Canada,North America,90,8176,SP,1,2A,,,,,,1,3.30,4.00,1.32,4.62
2018-2019,2018-12-06,Junior,JGPF,Vancouver,Canada,North America,90,8176,SP,2,3F,,,,,,1,5.30,3.71,1.97,7.27
2018-2019,2018-12-06,Junior,JGPF,Vancouver,Canada,North America,90,8176,SP,3,3Lz+3Lo,,,,1,1,2,11.88,3.29,1.94,13.82
2018-2019,2018-12-08,Junior,JGPF,Vancouver,Canada,North America,90,8176,FP,1,4Lz,,,,,,1,11.50,-3.00,-3.45,8.05
2018-2019,2018-12-08,Junior,JGPF,Vancouver,Canada,North America,90,8176,FP,2,4Lz,,u,1,,,1,6.04,-5.00,-4.32,1.72
2018-2019,2018-12-08,Junior,JGPF,Vancouver,Canada,North America,90,8176,FP,3,4T,,,,,,1,9.50,0.57,0.54,10.04
2018-2019,2018-12-08,Junior,JGPF,Vancouver,Canada,North America,90,8176,FP,4,2A+3T,,,,,1,2,7.50,2.14,0.90,8.40
2018-2019,2018-12-08,Junior,JGPF,Vancouver,Canada,North America,90,8176,FP,5,3Lz+3Lo,,,,1,1,2,11.88,0.71,0.51,12.39
2018-2019,2018-12-08,Junior,JGPF,Vancouver,Canada,North America,90,8176,FP,6,3Lz+1Eu+3S,,,,1,1,3,11.77,2.57,1.52,13.29
2018-2019,2018-12-08,Junior,JGPF,Vancouver,Canada,North America,90,8176,FP,7,3F,,,,1,,1,5.83,3.14,1.67,7.50
2018-2019,2018-12-21,Senior,NC,Saransk,Russia,Europe,160,512,SP,1,2A,,,,,,1,3.30,3.14,1.04,4.34
2018-2019,2018-12-21,Senior,NC,Saransk,Russia,Europe,160,512,SP,2,3F,,,,,,1,5.30,3.43,1.82,7.12
2018-2019,2018-12-21,Senior,NC,Saransk,Russia,Europe,160,512,SP,3,3Lz+3Lo,,,,1,1,2,11.88,4.14,2.44,14.32
2018-2019,2018-12-22,Senior,NC,Saransk,Russia,Europe,160,512,FP,1,4Lz,,,,,,1,11.50,2.86,3.29,14.79
2018-2019,2018-12-22,Senior,NC,Saransk,Russia,Europe,160,512,FP,2,4T,,u,1,,,1,7.13,-5.00,-3.57,3.56
2018-2019,2018-12-22,Senior,NC,Saransk,Russia,Europe,160,512,FP,3,3F+3T,,,,,1,2,9.50,2.86,1.51,11.01
2018-2019,2018-12-22,Senior,NC,Saransk,Russia,Europe,160,512,FP,4,2A,,,,,,1,3.30,2.86,0.94,4.24
2018-2019,2018-12-22,Senior,NC,Saransk,Russia,Europe,160,512,FP,5,3Lz+3Lo,,,,1,1,2,11.88,3.00,1.77,13.65
2018-2019,2018-12-22,Senior,NC,Saransk,Russia,Europe,160,512,FP,6,3Lz+1Eu+3S,,,,1,1,3,11.77,3.00,1.77,13.54
2018-2019,2018-12-22,Senior,NC,Saransk,Russia,Europe,160,512,FP,7,3F,,,,1,,1,5.83,2.86,1.51,7.34
2018-2019,2019-02-02,Junior,NC,Perm,Russia,Europe,171,1155,SP,1,2A,,,,,,1,3.30,3.71,1.23,4.53
2018-2019,2019-02-02,Junior,NC,Perm,Russia,Europe,171,1155,SP,2,3F,,,,,,1,5.30,4.14,2.20,7.50
2018-2019,2019-02-02,Junior,NC,Perm,Russia,Europe,171,1155,SP,3,3Lz+3Lo,,u,1,1,1,2,10.54,-5.00,-2.95,7.59
2018-2019,2019-02-03,Junior,NC,Perm,Russia,Europe,171,1155,FP,1,4T+3T,,,,,1,2,13.70,4.29,4.07,17.77
2018-2019,2019-02-03,Junior,NC,Perm,Russia,Europe,171,1155,FP,2,4T,,,,,,1,9.50,3.71,3.53,13.03
2018-2019,2019-02-03,Junior,NC,Perm,Russia,Europe,171,1155,FP,3,2A,,,,,,1,3.30,3.57,1.18,4.48
2018-2019,2019-02-03,Junior,NC,Perm,Russia,Europe,171,1155,FP,4,2A,,,,,,1,3.30,3.29,1.08,4.38
2018-2019,2019-02-03,Junior,NC,Perm,Russia,Europe,171,1155,FP,5,3Lz+3Lo,,,,1,1,2,11.88,3.43,2.02,13.90
2018-2019,2019-02-03,Junior,NC,Perm,Russia,Europe,171,1155,FP,6,3Lz+1Eu+3S,,,,1,1,3,11.77,3.14,1.85,13.62
2018-2019,2019-02-03,Junior,NC,Perm,Russia,Europe,171,1155,FP,7,3F,,,,1,,1,5.83,3.29,1.74,7.57
2018-2019,2019-03-08,Junior,JWC,Zagreb,Croatia,Europe,115,1866,SP,1,2A,,,,,,1,3.30,3.14,1.04,4.34
2018-2019,2019-03-08,Junior,JWC,Zagreb,Croatia,Europe,115,1866,SP,2,3F,,,,,,1,5.30,3.43,1.82,7.12
2018-2019,2019-03-08,Junior,JWC,Zagreb,Croatia,Europe,115,1866,SP,3,3Lz+3T,,,,1,1,2,11.11,3.29,1.94,13.05
2018-2019,2019-03-09,Junior,JWC,Zagreb,Croatia,Europe,115,1866,FP,1,4Lz,,u,1,,,1,8.63,-5.00,-4.32,4.31
2018-2019,2019-03-09,Junior,JWC,Zagreb,Croatia,Europe,115,1866,FP,2,4T+3T,,,,,1,2,13.70,2.86,2.71,16.41
2018-2019,2019-03-09,Junior,JWC,Zagreb,Croatia,Europe,115,1866,FP,3,4T,,,,,,1,9.50,3.00,2.85,12.35
2018-2019,2019-03-09,Junior,JWC,Zagreb,Croatia,Europe,115,1866,FP,4,2A,,,,,,1,3.50,3.00,0.99,4.49
2018-2019,2019-03-09,Junior,JWC,Zagreb,Croatia,Europe,115,1866,FP,5,3Lz+3Lo,,,,1,1,2,11.88,-0.43,-0.25,11.63
2018-2019,2019-03-09,Junior,JWC,Zagreb,Croatia,Europe,115,1866,FP,6,3Lz+1Eu+3S,,,,1,1,3,11.77,2.57,1.52,13.29
2018-2019,2019-03-09,Junior,JWC,Zagreb,Croatia,Europe,115,1866,FP,7,3F,!,,,1,,1,5.83,0.29,0.15,5.98
2019-2020,2019-09-20,Senior,CS,Bratislava,Slovakia,Europe,144,1628,SP,1,2A,,,,,,1,3.30,3.60,1.19,4.49
2019-2020,2019-09-20,Senior,CS,Bratislava,Slovakia,Europe,144,1628,SP,2,3F,,,,,,1,5.30,3.80,2.01,7.31
2019-2020,2019-09-20,Senior,CS,Bratislava,Slovakia,Europe,144,1628,SP,3,3Lz+3Lo,,,,1,1,2,11.88,3.00,1.77,13.65
2019-2020,2019-09-21,Senior,CS,Bratislava,Slovakia,Europe,144,1628,FP,1,4Lz,,,,,,1,11.50,2.80,3.22,14.72
2019-2020,2019-09-21,Senior,CS,Bratislava,Slovakia,Europe,144,1628,FP,2,4T+3T,,,,,1,2,13.70,2.80,2.66,16.36
2019-2020,2019-09-21,Senior,CS,Bratislava,Slovakia,Europe,144,1628,FP,3,4T,,,,,,1,9.50,3.40,3.23,12.73
2019-2020,2019-09-21,Senior,CS,Bratislava,Slovakia,Europe,144,1628,FP,4,2A,,,,,,1,3.30,3.00,0.99,4.29
2019-2020,2019-09-21,Senior,CS,Bratislava,Slovakia,Europe,144,1628,FP,5,3Lz+2Lo,,,,1,1,2,8.36,-1.40,8.36,16.72
2019-2020,2019-09-21,Senior,CS,Bratislava,Slovakia,Europe,144,1628,FP,6,3Lz+1Eu+3S,,,,1,1,3,11.77,2.60,11.77,23.54
2019-2020,2019-09-21,Senior,CS,Bratislava,Slovakia,Europe,144,1628,FP,7,3F,,,,1,,1,5.83,3.00,5.83,11.66
2019-2020,2019-10-05,Senior,INT,Saitama,Japan,Asia,20,7460,FP,1,4S,,,,,,1,9.70,1.57,1.52,11.22
2019-2020,2019-10-05,Senior,INT,Saitama,Japan,Asia,20,7460,FP,2,4Lz,,,,,,1,11.50,2.57,2.96,14.46
2019-2020,2019-10-05,Senior,INT,Saitama,Japan,Asia,20,7460,FP,3,4T+3T,,,,,1,2,13.70,1.00,0.81,14.51
2019-2020,2019-10-05,Senior,INT,Saitama,Japan,Asia,20,7460,FP,4,2A,,,,,,1,3.30,2.29,0.75,4.05
2019-2020,2019-10-05,Senior,INT,Saitama,Japan,Asia,20,7460,FP,5,4T+1Eu+3S,,,,1,1,3,15.73,-0.43,-0.41,15.32
2019-2020,2019-10-05,Senior,INT,Saitama,Japan,Asia,20,7460,FP,6,3Lz+3Lo,,u,,1,1,2,10.80,-1.00,-0.59,10.21
2019-2020,2019-10-05,Senior,INT,Saitama,Japan,Asia,20,7460,FP,7,3Lz,,,,1,,1,6.49,2.29,1.26,7.75
2019-2020,2019-10-25,Senior,GP,Kelowna,Canada,North America,344,8080,SP,1,2A,,,,,,1,3.30,3.57,1.18,4.48
2019-2020,2019-10-25,Senior,GP,Kelowna,Canada,North America,344,8080,SP,2,3F,,,,,,1,5.30,2.71,1.44,6.74
2019-2020,2019-10-25,Senior,GP,Kelowna,Canada,North America,344,8080,SP,3,3Lz+3Lo,,,,1,1,2,11.88,3.71,2.19,14.07
2019-2020,2019-10-26,Senior,GP,Kelowna,Canada,North America,344,8080,FP,1,4S,,,1,,,1,9.70,-5.00,-4.85,4.85
2019-2020,2019-10-26,Senior,GP,Kelowna,Canada,North America,344,8080,FP,2,4Lz,,,,,,1,11.50,2.43,2.79,14.29
2019-2020,2019-10-26,Senior,GP,Kelowna,Canada,North America,344,8080,FP,3,4T+3T,,,,,1,2,13.70,3.29,3.12,16.82
2019-2020,2019-10-26,Senior,GP,Kelowna,Canada,North America,344,8080,FP,4,2A,,,,,,1,3.30,2.71,0.90,4.20
2019-2020,2019-10-26,Senior,GP,Kelowna,Canada,North America,344,8080,FP,5,4T+1Eu+3S,,,,1,1,3,15.73,1.86,1.76,17.49
2019-2020,2019-10-26,Senior,GP,Kelowna,Canada,North America,344,8080,FP,6,3Lz+3Lo,,,,1,1,2,11.88,2.43,1.43,13.31
2019-2020,2019-10-26,Senior,GP,Kelowna,Canada,North America,344,8080,FP,7,3Lz,,,,1,,1,6.49,2.86,1.69,8.18
2019-2020,2019-11-15,Senior,GP,Moscow,Russia,Europe,156,0,SP,1,2A,,,,,,1,3.30,3.71,1.23,4.53
2019-2020,2019-11-15,Senior,GP,Moscow,Russia,Europe,156,0,SP,2,3F,,,,,,1,5.30,3.57,1.89,7.19
2019-2020,2019-11-15,Senior,GP,Moscow,Russia,Europe,156,0,SP,3,3Lz+3T,,,,1,1,2,11.11,1.14,0.67,11.78
2019-2020,2019-11-16,Senior,GP,Moscow,Russia,Europe,156,0,FP,1,4S,,u,1,,,1,7.76,-5.00,-3.88,3.88
2019-2020,2019-11-16,Senior,GP,Moscow,Russia,Europe,156,0,FP,2,4Lz,,,,,,1,11.50,3.00,3.45,14.95
2019-2020,2019-11-16,Senior,GP,Moscow,Russia,Europe,156,0,FP,3,4T+3T,,,,,1,2,13.70,1.71,1.63,15.33
2019-2020,2019-11-16,Senior,GP,Moscow,Russia,Europe,156,0,FP,4,2A,,,,,,1,3.30,2.71,0.90,4.20
2019-2020,2019-11-16,Senior,GP,Moscow,Russia,Europe,156,0,FP,5,4T+1Eu+3S,,,,1,1,3,15.73,2.57,2.44,18.17
2019-2020,2019-11-16,Senior,GP,Moscow,Russia,Europe,156,0,FP,6,3Lz+3Lo,,,1,1,1,2,11.88,-5.00,-2.95,8.93
2019-2020,2019-11-16,Senior,GP,Moscow,Russia,Europe,156,0,FP,7,3Lz,,,,1,,1,6.49,2.00,1.18,7.67
2019-2020,2019-12-06,Senior,GPF,Torino,Italy,Europe,239,2402,SP,1,3A,,u,1,,,1,6.40,-5.00,-3.20,3.20
2019-2020,2019-12-06,Senior,GPF,Torino,Italy,Europe,239,2402,SP,2,3F,,,,,,1,5.30,3.43,1.82,7.12
2019-2020,2019-12-06,Senior,GPF,Torino,Italy,Europe,239,2402,SP,3,3Lz+3T,,,,1,1,2,11.11,2.71,1.60,12.71
2019-2020,2019-12-07,Senior,GPF,Torino,Italy,Europe,239,2402,FP,1,4F,,,,,,1,11.00,3.00,3.30,14.30
2019-2020,2019-12-07,Senior,GPF,Torino,Italy,Europe,239,2402,FP,2,2S,,,,,,1,1.30,-0.57,-0.07,1.23
2019-2020,2019-12-07,Senior,GPF,Torino,Italy,Europe,239,2402,FP,3,4Lz,,,,,,1,11.50,3.29,3.78,15.28
2019-2020,2019-12-07,Senior,GPF,Torino,Italy,Europe,239,2402,FP,4,2A+3T,,,,,1,2,7.50,2.86,1.20,8.70
2019-2020,2019-12-07,Senior,GPF,Torino,Italy,Europe,239,2402,FP,5,4T+1Eu+3S,,,,1,1,3,15.73,2.86,2.71,18.44
2019-2020,2019-12-07,Senior,GPF,Torino,Italy,Europe,239,2402,FP,6,4T,,u,1,1,,1,8.36,-5.00,-3.80,4.56
2019-2020,2019-12-07,Senior,GPF,Torino,Italy,Europe,239,2402,FP,7,3Lz+3T,,,,1,1,2,11.11,2.86,1.69,12.80
2019-2020,2019-12-27,Senior,NC,Krasnoyarsk,Russia,Europe,287,3353,SP,1,2A,,,,,,1,3.30,3.71,1.23,4.53
2019-2020,2019-12-27,Senior,NC,Krasnoyarsk,Russia,Europe,287,3353,SP,2,3F,,,,,,1,5.30,3.71,1.97,7.27
2019-2020,2019-12-27,Senior,NC,Krasnoyarsk,Russia,Europe,287,3353,SP,3,3Lz+3T,,,,1,1,2,11.11,3.29,1.94,13.05
2019-2020,2019-12-28,Senior,NC,Krasnoyarsk,Russia,Europe,287,3353,FP,1,4F,,u,1,,,1,8.80,-5.00,-4.40,4.40
2019-2020,2019-12-28,Senior,NC,Krasnoyarsk,Russia,Europe,287,3353,FP,2,4Lz,,u,1,,,1,9.20,-5.00,-4.60,4.60
2019-2020,2019-12-28,Senior,NC,Krasnoyarsk,Russia,Europe,287,3353,FP,3,2T,,,,,,1,1.30,1.29,0.17,1.47
2019-2020,2019-12-28,Senior,NC,Krasnoyarsk,Russia,Europe,287,3353,FP,4,2A+3T,,,,,1,2,7.50,3.00,1.26,8.76
2019-2020,2019-12-28,Senior,NC,Krasnoyarsk,Russia,Europe,287,3353,FP,5,4T+1Eu+3S,,,,1,1,3,15.73,3.71,3.53,19.26
2019-2020,2019-12-28,Senior,NC,Krasnoyarsk,Russia,Europe,287,3353,FP,6,3Lz+3Lo,,,,1,1,2,11.88,3.14,1.85,13.73
2019-2020,2019-12-28,Senior,NC,Krasnoyarsk,Russia,Europe,287,3353,FP,7,3Lz,,,,1,,1,6.49,3.14,1.85,8.34
2019-2020,2020-01-24,Senior,EU,Graz,Austria,Europe,347,1804,SP,1,2A,,,,,,1,3.30,-0.57,-0.24,3.06
2019-2020,2020-01-24,Senior,EU,Graz,Austria,Europe,347,1804,SP,2,3F,,,,,,1,5.30,3.00,1.59,6.89
2019-2020,2020-01-24,Senior,EU,Graz,Austria,Europe,347,1804,SP,3,3Lz+3T,,,,1,1,2,11.11,3.29,1.94,13.05
2019-2020,2020-01-25,Senior,EU,Graz,Austria,Europe,347,1804,FP,1,4Lz,,,1,,,1,11.50,-5.00,-5.75,5.75
2019-2020,2020-01-25,Senior,EU,Graz,Austria,Europe,347,1804,FP,2,4T+3T,,,,,1,2,13.70,3.43,3.26,16.96
2019-2020,2020-01-25,Senior,EU,Graz,Austria,Europe,347,1804,FP,3,3F,,,,,,1,5.30,3.00,1.59,6.89
2019-2020,2020-01-25,Senior,EU,Graz,Austria,Europe,347,1804,FP,4,2A,,,,,,1,3.30,2.43,0.80,4.10
2019-2020,2020-01-25,Senior,EU,Graz,Austria,Europe,347,1804,FP,5,4T,,d,1,1,,1,4.62,-5.00,-2.10,2.52
2019-2020,2020-01-25,Senior,EU,Graz,Austria,Europe,347,1804,FP,6,3Lz+3Lo,,,,1,1,2,11.88,2.43,1.43,13.31
2019-2020,2020-01-25,Senior,EU,Graz,Austria,Europe,347,1804,FP,7,3Lz+1Eu+3S,,,,1,1,3,11.77,2.57,1.52,13.29
2020-2021,2020-11-20,Senior,GP,Moscow,Russia,Europe,156,0,SP,1,3A,,d,1,,,1,3.30,-5.00,-1.65,1.65
2020-2021,2020-11-20,Senior,GP,Moscow,Russia,Europe,156,0,SP,2,3F,!,,,,,1,5.30,0.80,0.42,5.72
2020-2021,2020-11-20,Senior,GP,Moscow,Russia,Europe,156,0,SP,3,3Lz+3T,,,,1,1,2,11.11,3.00,1.77,12.88
2020-2021,2020-11-21,Senior,GP,Moscow,Russia,Europe,156,0,FP,1,4S,,,1,,,1,9.70,-4.60,-4.46,5.24
2020-2021,2020-11-21,Senior,GP,Moscow,Russia,Europe,156,0,FP,2,4Lz,,u,1,,,1,9.20,-5.00,-4.60,4.60
2020-2021,2020-11-21,Senior,GP,Moscow,Russia,Europe,156,0,FP,3,4T,,u,1,,,1,7.60,-5.00,-3.80,3.80
2020-2021,2020-11-21,Senior,GP,Moscow,Russia,Europe,156,0,FP,4,2A+3T,,,,,1,2,7.50,1.40,0.59,8.09
2020-2021,2020-11-21,Senior,GP,Moscow,Russia,Europe,156,0,FP,5,4T+1Eu+3S,,q,,1,1,3,15.73,-2.60,-2.47,13.26
2020-2021,2020-11-21,Senior,GP,Moscow,Russia,Europe,156,0,FP,6,3F+3T,,q,,1,1,2,10.45,-1.00,-0.53,9.92
2020-2021,2020-11-21,Senior,GP,Moscow,Russia,Europe,156,0,FP,7,3Lz,,,1,1,,1,6.49,-5.00,-2.95,3.54
2020-2021,2020-12-25,Senior,NC,Chelyabinsk,Russia,Europe,220,1494,SP,1,2A,,,,,,1,3.30,3.00,0.99,4.29
2020-2021,2020-12-25,Senior,NC,Chelyabinsk,Russia,Europe,220,1494,SP,2,3F,!,,,,,1,5.30,1.00,0.53,5.83
2020-2021,2020-12-25,Senior,NC,Chelyabinsk,Russia,Europe,220,1494,SP,3,3Lz+3T,,,,1,1,2,11.11,3.57,2.11,13.22
2020-2021,2020-12-26,Senior,NC,Chelyabinsk,Russia,Europe,220,1494,FP,1,4Lz+3T,,,,,1,2,15.70,3.14,3.61,19.31
2020-2021,2020-12-26,Senior,NC,Chelyabinsk,Russia,Europe,220,1494,FP,2,4Lz,,,,,,1,11.50,2.29,2.63,14.13
2020-2021,2020-12-26,Senior,NC,Chelyabinsk,Russia,Europe,220,1494,FP,3,2A,,,,,,1,3.30,2.57,0.85,4.15
2020-2021,2020-12-26,Senior,NC,Chelyabinsk,Russia,Europe,220,1494,FP,4,2A,,,,,,1,3.30,2.86,0.94,4.24
2020-2021,2020-12-26,Senior,NC,Chelyabinsk,Russia,Europe,220,1494,FP,5,3Lz+3Lo,,,,1,1,2,11.88,3.71,2.19,14.07
2020-2021,2020-12-26,Senior,NC,Chelyabinsk,Russia,Europe,220,1494,FP,6,3F+1Eu+3S,!,,,1,1,3,11.11,1.29,0.68,11.79
2020-2021,2020-12-26,Senior,NC,Chelyabinsk,Russia,Europe,220,1494,FP,7,3Lz,,,,1,,1,6.49,3.00,1.77,8.26
2020-2021,2021-03-24,Senior,WC,Stockholm,Sweden,Europe,28,1228,SP,1,2A,,,,,,1,3.30,3.29,1.08,4.38
2020-2021,2021-03-24,Senior,WC,Stockholm,Sweden,Europe,28,1228,SP,2,3F,!,,,,,1,5.30,0.71,0.38,5.68
2020-2021,2021-03-24,Senior,WC,Stockholm,Sweden,Europe,28,1228,SP,3,3Lz+COMBO,,,,1,1,2,6.49,-5.00,-2.95,3.54
2020-2021,2021-03-26,Senior,WC,Stockholm,Sweden,Europe,28,1228,FP,1,4F,!,,,,,1,11.00,1.43,1.57,12.57
2020-2021,2021-03-26,Senior,WC,Stockholm,Sweden,Europe,28,1228,FP,2,4S,,,1,,,1,9.70,-4.86,-4.71,4.99
2020-2021,2021-03-26,Senior,WC,Stockholm,Sweden,Europe,28,1228,FP,3,4Lz+3T,,,,,1,2,15.70,3.29,3.78,19.48
2020-2021,2021-03-26,Senior,WC,Stockholm,Sweden,Europe,28,1228,FP,4,2A,,,,,,1,3.30,2.14,0.71,4.01
2020-2021,2021-03-26,Senior,WC,Stockholm,Sweden,Europe,28,1228,FP,5,4Lz,,u,1,1,,1,10.12,-5.00,-4.60,5.52
2020-2021,2021-03-26,Senior,WC,Stockholm,Sweden,Europe,28,1228,FP,6,4T+1Eu+3S,,d,,1,1,3,9.90,-4.57,-1.97,7.93
2020-2021,2021-03-26,Senior,WC,Stockholm,Sweden,Europe,28,1228,FP,7,3Lz+3T,,,,1,1,2,11.11,2.71,1.52,12.63
2021-2022,2021-09-17,Senior,CS,Boston,United States,North America,6,7222,SP,1,3A,,,1,,,1,8.00,-5.00,-4.00,4.00
2021-2022,2021-09-17,Senior,CS,Boston,United States,North America,6,7222,SP,2,3F,,,,,,1,5.30,3.33,1.77,7.07
2021-2022,2021-09-17,Senior,CS,Boston,United States,North America,6,7222,SP,3,3Lz+3T,,,,1,1,2,11.11,3.33,1.97,13.08
2021-2022,2021-09-18,Senior,CS,Boston,United States,North America,6,7222,FP,1,4F,,,1,,,1,11.00,-5.00,-5.50,5.50
2021-2022,2021-09-18,Senior,CS,Boston,United States,North America,6,7222,FP,2,4S,,,,,,1,9.70,2.67,2.59,12.29
2021-2022,2021-09-18,Senior,CS,Boston,United States,North America,6,7222,FP,3,2A+3T,,,,,1,2,7.50,2.67,1.12,8.62
2021-2022,2021-09-18,Senior,CS,Boston,United States,North America,6,7222,FP,4,2T,,,,,,1,1.30,0.33,-0.04,1.26
2021-2022,2021-09-18,Senior,CS,Boston,United States,North America,6,7222,FP,5,4Lz,,u,,1,,1,10.12,-4.67,-4.29,5.83
2021-2022,2021-09-18,Senior,CS,Boston,United States,North America,6,7222,FP,6,4Lz+1Eu+3S,,u,,1,1,3,16.98,-4.30,-4.98,12.00
2021-2022,2021-09-18,Senior,CS,Boston,United States,North America,6,7222,FP,7,3Lz+3T,,,,1,1,2,11.11,1.67,0.98,12.09
2021-2022,2021-10-23,Senior,GP,Las Vegas,United States,North America,620,9474,SP,1,2A,,,,,,1,3.30,3.14,1.04,4.34
2021-2022,2021-10-23,Senior,GP,Las Vegas,United States,North America,620,9474,SP,2,3F,,,,,,1,5.30,3.43,1.82,7.12
2021-2022,2021-10-23,Senior,GP,Las Vegas,United States,North America,620,9474,SP,3,3Lz+3T,,,,1,1,2,11.11,3.57,2.11,13.22
2021-2022,2021-10-24,Senior,GP,Las Vegas,United States,North America,620,9474,FP,1,4Lz,,,,,,1,11.50,2.00,2.30,13.80
2021-2022,2021-10-24,Senior,GP,Las Vegas,United States,North America,620,9474,FP,2,3Lo,,,,,,1,4.90,3.00,1.47,6.37
2021-2022,2021-10-24,Senior,GP,Las Vegas,United States,North America,620,9474,FP,3,2A+3T,,,,,1,2,7.50,2.43,1.02,8.52
2021-2022,2021-10-24,Senior,GP,Las Vegas,United States,North America,620,9474,FP,4,2A,,,,,,1,3.30,3.00,0.99,4.29
2021-2022,2021-10-24,Senior,GP,Las Vegas,United States,North America,620,9474,FP,5,3Lz+3T,,,,1,1,2,11.11,2.71,1.60,12.71
2021-2022,2021-10-24,Senior,GP,Las Vegas,United States,North America,620,9474,FP,6,3F+1Eu+3S,!,,,1,1,3,11.11,0.71,0.45,11.56
2021-2022,2021-10-24,Senior,GP,Las Vegas,United States,North America,620,9474,FP,7,3Lz,,,,1,,1,6.49,2.71,1.60,8.09
2021-2022,2021-12-24,Senior,NC,Saint Petersburg,Russia,Europe,8,632,SP,1,3A,,q,1,,,1,8.00,-5.00,-4.00,4.00
2021-2022,2021-12-24,Senior,NC,Saint Petersburg,Russia,Europe,8,632,SP,2,3F,!,,,,,1,5.30,1.00,0.53,5.83
2021-2022,2021-12-24,Senior,NC,Saint Petersburg,Russia,Europe,8,632,SP,3,3Lz+3T,,,,1,1,2,11.11,3.57,2.11,13.22
2021-2022,2021-12-25,Senior,NC,Saint Petersburg,Russia,Europe,8,632,FP,1,4F,!,,,,,1,11.00,1.29,1.41,12.41
2021-2022,2021-12-25,Senior,NC,Saint Petersburg,Russia,Europe,8,632,FP,2,4T,,,1,,,1,9.50,-5.00,-4.75,4.75
2021-2022,2021-12-25,Senior,NC,Saint Petersburg,Russia,Europe,8,632,FP,3,2A,,,,,,1,3.30,3.14,1.04,4.34
2021-2022,2021-12-25,Senior,NC,Saint Petersburg,Russia,Europe,8,632,FP,4,4Lz+1Eu+3S,,,,,1,3,16.30,2.71,3.12,19.42
2021-2022,2021-12-25,Senior,NC,Saint Petersburg,Russia,Europe,8,632,FP,5,4Lz+3T,,,,1,1,2,17.27,3.29,3.78,21.05
2021-2022,2021-12-25,Senior,NC,Saint Petersburg,Russia,Europe,8,632,FP,6,3Lz+3T,,q,,1,1,2,11.11,-0.86,-0.51,10.60
2021-2022,2021-12-25,Senior,NC,Saint Petersburg,Russia,Europe,8,632,FP,7,3F,!,,,1,,1,5.83,1.29,0.68,6.51
2021-2022,2022-01-13,Senior,EU,Tallinn,Estonia,Europe,9,866,SP,1,3A,,,1,,,1,8.00,-5.00,-4.00,4.00
2021-2022,2022-01-13,Senior,EU,Tallinn,Estonia,Europe,9,866,SP,2,3F,,,,,,1,5.30,3.00,1.59,6.89
2021-2022,2022-01-13,Senior,EU,Tallinn,Estonia,Europe,9,866,SP,3,3Lz+3T,,,,1,1,2,11.11,3.14,1.85,12.96
2021-2022,2022-01-15,Senior,EU,Tallinn,Estonia,Europe,9,866,FP,1,4F,,,,,,1,11.00,4.29,4.71,15.71
2021-2022,2022-01-15,Senior,EU,Tallinn,Estonia,Europe,9,866,FP,2,4S,,,,,,1,9.70,4.00,3.88,13.58
2021-2022,2022-01-15,Senior,EU,Tallinn,Estonia,Europe,9,866,FP,3,2A+3T,,,,,1,2,7.50,3.29,1.38,8.88
2021-2022,2022-01-15,Senior,EU,Tallinn,Estonia,Europe,9,866,FP,4,4T,,q,1,,,1,9.50,-5.00,-4.75,4.75
2021-2022,2022-01-15,Senior,EU,Tallinn,Estonia,Europe,9,866,FP,5,4Lz,,d,1,1,,1,6.49,-5.00,-2.95,3.54
2021-2022,2022-01-15,Senior,EU,Tallinn,Estonia,Europe,9,866,FP,6,3Lz+1Eu+3S,,,,1,1,3,11.77,-2.00,-1.18,10.59
2021-2022,2022-01-15,Senior,EU,Tallinn,Estonia,Europe,9,866,FP,7,3Lz+3T,,,,1,1,2,11.11,2.57,1.52,12.63
2021-2022,2022-02-15,Senior,OLY,Beijing,China,Asia,56,5793,SP,1,3A,,u,1,,,1,6.40,-5.00,-3.20,3.20
2021-2022,2022-02-15,Senior,OLY,Beijing,China,Asia,56,5793,SP,2,3F,!,,,,,1,5.30,1.57,0.83,6.13
2021-2022,2022-02-15,Senior,OLY,Beijing,China,Asia,56,5793,SP,3,3Lz+3T,,,,1,1,2,11.11,3.00,1.77,11.94
2021-2022,2022-02-17,Senior,OLY,Beijing,China,Asia,56,5793,FP,1,4F,!,,,,,1,11.00,2.00,2.20,13.20
2021-2022,2022-02-17,Senior,OLY,Beijing,China,Asia,56,5793,FP,2,4S,,,,,,1,9.70,3.29,3.19,12.89
2021-2022,2022-02-17,Senior,OLY,Beijing,China,Asia,56,5793,FP,3,4T,,,,,,1,9.50,-2.57,-2.44,7.06
2021-2022,2022-02-17,Senior,OLY,Beijing,China,Asia,56,5793,FP,4,2A+3T,,,,,1,2,7.50,-1.14,-0.54,6.96
2021-2022,2022-02-17,Senior,OLY,Beijing,China,Asia,56,5793,FP,5,4Lz+3T,,,,1,1,2,17.27,2.29,2.63,19.90
2021-2022,2022-02-17,Senior,OLY,Beijing,China,Asia,56,5793,FP,6,4Lz,,q,,1,,1,12.65,-0.86,-0.99,11.66
2021-2022,2022-02-17,Senior,OLY,Beijing,China,Asia,56,5793,FP,7,3Lz+1Eu+3S,,,,1,1,3,11.77,2.43,1.43,13.20